,tweet_id,rating(over_10),total_likes,total_retweets,dog_breed
0,666020888022790149,8,2535,532,Welsh Springer Spaniel
1,666029285002620928,7,132,48,Redbone
2,666033412701032449,9,128,47,German Shepherd
3,666044226329800704,6,311,147,Rhodesian Ridgeback
4,666049248165822465,5,111,41,Miniature Pinscher
5,666050758794694657,10,136,60,Bernese Mountain Dog
6,666055525042405380,10,448,261,Chow
7,666057090499244032,9,304,146,Golden Retriever
8,666058600524156928,8,115,61,Miniature Poodle
9,666063827256086533,10,496,232,Golden Retriever
10,666071193221509120,9,154,67,Gordon Setter
11,666073100786774016,10,335,174,Walker Hound
12,666082916733198337,6,121,47,Pug
13,666094000022159362,9,169,79,Bloodhound
14,666099513787052032,8,164,73,Lhasa
15,666102155909144576,11,81,16,English Setter
16,666273097616637952,11,184,82,Italian Greyhound
17,666337882303524864,9,204,96,Newfoundland
18,666345417576210432,10,307,146,Golden Retriever
19,666353288456101888,8,229,77,Malamute
20,666373753744588802,11,194,100,Soft-Coated Wheaten Terrier
21,666396247373291520,9,172,92,Chihuahua
22,666407126856765440,7,113,44,Black-And-Tan Coonhound
23,666418789513326592,10,129,48,Toy Terrier
24,666421158376562688,12,327,118,Blenheim Spaniel
25,666428276349472768,7,171,90,Pembroke
26,666430724426358785,6,330,204,Irish Terrier
27,666435652385423360,10,170,54,Chesapeake Bay Retriever
28,666437273139982337,7,131,52,Chihuahua
29,666447344410484738,9,107,23,Curly-Coated Retriever
30,666454714377183233,10,545,223,Dalmatian
31,666644823164719104,9,238,88,Ibizan Hound
32,666649482315059201,4,923,608,Border Collie
33,666691418707132416,8,196,51,German Shepherd
34,666701168228331520,8,449,234,Labrador Retriever
35,666739327293083650,10,244,71,Miniature Poodle
36,666776908487630848,5,368,186,Miniature Pinscher
37,666781792255496192,10,404,211,Italian Greyhound
38,666804364988780544,8,250,95,English Setter
39,666817836334096384,9,540,267,Miniature Schnauzer
40,666826780179869698,12,266,105,Maltese Dog
41,666835007768551424,10,222,83,Airedale
42,666996132027977728,10,258,102,Rottweiler
43,667044094246576128,12,198,54,Golden Retriever
44,667062181243039745,10,227,57,Chesapeake Bay Retriever
45,667073648344346624,10,425,134,Chihuahua
46,667090893657276420,7,349,132,Chihuahua
47,667119796878725120,10,346,135,Pembroke
48,667138269671505920,10,4851,2387,West Highland White Terrier
49,667152164079423490,12,49720,18285,Toy Poodle
50,667160273090932737,11,268,66,Golden Retriever
51,667165590075940865,10,2819,1241,Miniature Pinscher
52,667171260800061440,10,235,97,Giant Schnauzer
53,667174963120574464,9,262,88,Toy Poodle
54,667176164155375616,4,640,484,Soft-Coated Wheaten Terrier
55,667177989038297088,8,200,58,Vizsla
56,667182792070062081,10,15075,6618,Golden Retriever
57,667192066997374976,12,414,115,Rottweiler
58,667200525029539841,11,658,282,Siberian Husky
59,667211855547486208,9,516,258,Golden Retriever
60,667393430834667520,8,211,60,Papillon
61,667405339315146752,7,489,234,Saint Bernard
62,667435689202614272,12,326,89,Rottweiler
63,667453023279554560,11,327,96,Labrador Retriever
64,667455448082227200,7,203,66,Tibetan Terrier
65,667470559035432960,11,273,102,Toy Poodle
66,667491009379606528,7,559,242,Borzoi
67,667495797102141441,9,565,294,Chihuahua
68,667502640335572993,11,563,231,Labrador Retriever
69,667509364010450944,12,7148,2272,Beagle
70,667517642048163840,8,389,203,Italian Greyhound
71,667524857454854144,12,1798,1198,Chesapeake Bay Retriever
72,667530908589760512,10,501,264,Golden Retriever
73,667534815156183040,8,866,576,Pembroke
74,667538891197542400,9,220,72,Yorkshire Terrier
75,667544320556335104,10,917,568,Pomeranian
76,667546741521195010,9,355,138,Toy Poodle
77,667728196545200128,11,398,162,Kuvasz
78,667773195014021121,8,243,61,West Highland White Terrier
79,667793409583771648,8,736,358,Dalmatian
80,667801013445750784,12,346,101,Flat-Coated Retriever
81,667806454573760512,10,1111,535,Chihuahua
82,667832474953625600,12,303,68,Miniature Pinscher
83,667861340749471744,9,253,86,Malamute
84,667878741721415682,2,409,127,Miniature Pinscher
85,667885044254572545,10,868,530,Malamute
86,667886921285246976,11,2011,1180,Pomeranian
87,667902449697558528,9,905,396,Norwegian Elkhound
88,667915453470232577,10,222,59,Boxer
89,667924896115245057,9,318,119,Labrador Retriever
90,668113020489474048,6,709,265,Pembroke
91,668171859951755264,7,525,208,Chihuahua
92,668190681446379520,12,696,210,Blenheim Spaniel
93,668204964695683073,8,586,206,Labrador Retriever
94,668221241640230912,10,537,215,Chow
95,668237644992782336,10,6614,3100,Chow
96,668248472370458624,8,1056,523,Chihuahua
97,668256321989451776,13,1385,667,Pembroke
98,668268907921326080,10,592,261,Pembroke
99,668274247790391296,10,886,248,Soft-Coated Wheaten Terrier
100,668286279830867968,11,535,149,Golden Retriever
101,668297328638447616,9,656,319,Eskimo Dog
102,668480044826800133,11,491,162,Labrador Retriever
103,668484198282485761,9,453,253,Standard Poodle
104,668496999348633600,8,436,146,Staffordshire Bullterrier
105,668507509523615744,10,345,116,Basenji
106,668528771708952576,12,496,242,Labrador Retriever
107,668537837512433665,8,265,79,Lakeland Terrier
108,668542336805281792,10,497,231,American Staffordshire Terrier
109,668567822092664832,11,265,62,Shih-Tzu
110,668623201287675904,10,1551,851,Chihuahua
111,668625577880875008,10,417,140,Groenendael
112,668627278264475648,9,341,123,French Bulldog
113,668631377374486528,5,763,349,Miniature Schnauzer
114,668633411083464705,10,3024,1788,Pekinese
115,668636665813057536,10,1114,528,Komondor
116,668641109086707712,10,1145,573,Pug
117,668655139528511488,11,562,233,Beagle
118,668779399630725120,10,749,409,Chesapeake Bay Retriever
119,668815180734689280,7,610,291,Redbone
120,668826086256599040,10,467,150,Malinois
121,668852170888998912,11,479,184,Golden Retriever
122,668872652652679168,11,566,322,Miniature Schnauzer
123,668892474547511297,11,422,164,Kelpie
124,668902994700836864,11,338,107,Brittany Spaniel
125,668932921458302977,9,284,63,Standard Poodle
126,668955713004314625,10,300,77,Cocker Spaniel
127,668960084974809088,10,757,263,Chesapeake Bay Retriever
128,668975677807423489,11,1386,641,Basset
129,668979806671884288,12,842,382,Golden Retriever
130,668986018524233728,9,578,183,Chihuahua
131,668989615043424256,3,726,356,Pug
132,668994913074286592,5,468,254,English Springer
133,669000397445533696,11,22118,6965,Pembroke
134,669006782128353280,12,610,269,Chihuahua
135,669037058363662336,10,698,336,Chihuahua
136,669203728096960512,9,1074,522,Pug
137,669216679721873412,8,958,422,Golden Retriever
138,669324657376567296,11,525,223,Cardigan
139,669327207240699904,13,610,127,Golden Retriever
140,669328503091937280,12,1081,452,Siberian Husky
141,669353438988365824,10,687,281,Pembroke
142,669354382627049472,8,2889,1390,Chihuahua
143,669359674819481600,11,390,134,Labrador Retriever
144,669363888236994561,10,669,252,Golden Retriever
145,669367896104181761,10,485,172,Basset
146,669371483794317312,10,524,196,Brabancon Griffon
147,669375718304980992,6,1425,792,Airedale
148,669393256313184256,10,383,83,Cocker Spaniel
149,669564461267722241,10,413,133,Toy Poodle
150,669567591774625800,9,248,61,Chihuahua
151,669573570759163904,10,467,156,West Highland White Terrier
152,669597912108789760,10,550,163,Eskimo Dog
153,669603084620980224,10,1006,401,Maltese Dog
154,669625907762618368,12,3769,1963,Golden Retriever
155,669680153564442624,8,712,311,Dalmatian
156,669683899023405056,10,412,119,Pomeranian
157,669753178989142016,10,858,431,Pembroke
158,669926384437997569,12,400,115,Pomeranian
159,669942763794931712,11,536,183,Vizsla
160,669970042633789440,10,317,65,Miniature Pinscher
161,669993076832759809,9,344,92,Toy Poodle
162,670003130994700288,10,352,100,Beagle
163,670040295598354432,10,801,118,Borzoi
164,670046952931721218,11,684,191,Blenheim Spaniel
165,670061506722140161,11,822,373,Italian Greyhound
166,670073503555706880,10,1674,874,Malamute
167,670086499208155136,10,740,275,German Short-Haired Pointer
168,670093938074779648,9,1106,365,Toy Poodle
169,670290420111441920,11,750,315,Chihuahua
170,670303360680108032,9,452,151,Shetland Sheepdog
171,670319130621435904,11,4110,1359,Irish Terrier
172,670338931251150849,10,451,122,Cairn
173,670374371102445568,12,785,295,English Springer
174,670385711116361728,8,593,234,Whippet
175,670403879788544000,10,460,173,Pug
176,670411370698022913,12,2176,991,Maltese Dog
177,670421925039075328,12,1415,709,Chihuahua
178,670427002554466305,9,551,179,Toy Terrier
179,670428280563085312,11,1484,694,Chow
180,670433248821026816,10,345,122,Giant Schnauzer
181,670434127938719744,11,1501,708,Chesapeake Bay Retriever
182,670435821946826752,10,1127,570,Basenji
183,670442337873600512,11,690,213,Sussex Spaniel
184,670444955656130560,10,7120,2153,English Springer
185,670452855871037440,11,580,225,Malamute
186,670676092097810432,8,267,45,Dandie Dinmont
187,670679630144274432,8,799,315,Ibizan Hound
188,670691627984359425,8,632,266,Shetland Sheepdog
189,670704688707301377,6,814,405,Norwich Terrier
190,670717338665226240,12,1301,547,Pomeranian
191,670755717859713024,9,475,123,Keeshond
192,670764103623966721,10,1154,466,Norfolk Terrier
193,670778058496974848,10,345,77,Pug
194,670780561024270336,7,831,317,Labrador Retriever
195,670782429121134593,5,1691,863,Chihuahua
196,670786190031921152,8,640,218,Pembroke
197,670789397210615808,9,700,255,Beagle
198,670792680469889025,7,889,298,Toy Poodle
199,670797304698376195,11,780,262,Pembroke
200,670803562457407488,10,362,95,Basenji
201,670804601705242624,10,2098,1035,Pomeranian
202,670807719151067136,11,1234,546,Old English Sheepdog
203,670811965569282048,10,1202,295,Basset
204,670815497391357952,10,3410,1708,American Staffordshire Terrier
205,670822709593571328,10,647,105,Chihuahua
206,670823764196741120,12,824,205,Labrador Retriever
207,670832455012716544,10,780,242,Malinois
208,670833812859932673,7,474,135,Pekinese
209,670840546554966016,10,634,213,Shih-Tzu
210,670995969505435648,12,1175,317,Redbone
211,671109016219725825,8,1225,478,Basenji
212,671115716440031232,6,1436,842,Malinois
213,671122204919246848,4,3729,2763,Chihuahua
214,671134062904504320,8,796,212,Shih-Tzu
215,671138694582165504,10,996,448,Samoyed
216,671141549288370177,9,1246,713,Borzoi
217,671147085991960577,9,713,254,Yorkshire Terrier
218,671151324042559489,12,714,166,Rottweiler
219,671154572044468225,11,769,241,Labrador Retriever
220,671163268581498880,8,1763,1198,Scottish Deerhound
221,671182547775299584,12,1193,378,Rottweiler
222,671186162933985280,10,788,241,Chihuahua
223,671355857343524864,10,508,119,Miniature Poodle
224,671357843010908160,9,426,157,Italian Greyhound
225,671485057807351808,11,806,253,Samoyed
226,671486386088865792,10,621,226,German Shepherd
227,671504605491109889,11,7495,3866,Toy Poodle
228,671518598289059840,9,1010,319,Lakeland Terrier
229,671520732782923777,10,1499,582,Pomeranian
230,671528761649688577,10,896,280,Doberman
231,671536543010570240,9,1253,441,Pug
232,671542985629241344,10,1166,616,Shetland Sheepdog
233,671561002136281088,13,13679,7931,Gordon Setter
234,671729906628341761,13,9119,4795,Kuvasz
235,671735591348891648,11,1534,819,Irish Wolfhound
236,671743150407421952,11,779,248,Toy Poodle
237,671768281401958400,10,1269,572,Chihuahua
238,671789708968640512,13,7527,3811,Dalmatian
239,671866342182637568,10,1191,548,Labrador Retriever
240,671891728106971137,11,1415,618,Labrador Retriever
241,671896809300709376,10,9016,4519,Chow
242,672068090318987265,7,1389,564,Pug
243,672082170312290304,11,1003,402,Toy Poodle
244,672095186491711488,9,1063,395,Pug
245,672125275208069120,11,2578,1253,Golden Retriever
246,672139350159835138,12,1876,792,Rottweiler
247,672160042234327040,8,918,395,Pug
248,672169685991993344,10,1074,408,Cocker Spaniel
249,672205392827572224,9,2414,1270,Pug
250,672222792075620352,9,833,231,Beagle
251,672239279297454080,7,953,347,Pug
252,672245253877968896,12,733,169,Chihuahua
253,672248013293752320,10,1833,656,Irish Terrier
254,672254177670729728,11,1515,800,Pug
255,672264251789176834,10,1212,383,Chihuahua
256,672267570918129665,10,1588,666,Irish Terrier
257,672272411274932228,11,6888,3677,Pug
258,672466075045466113,12,1447,598,Cocker Spaniel
259,672481316919734272,12,757,137,Border Collie
260,672482722825261057,10,1221,665,West Highland White Terrier
261,672488522314567680,10,1187,482,Doberman
262,672523490734551040,10,696,189,Golden Retriever
263,672538107540070400,7,1089,404,Chihuahua
264,672591762242805761,10,1014,367,Kuvasz
265,672594978741354496,9,1411,661,Great Pyrenees
266,672604026190569472,11,1188,445,Toy Poodle
267,672622327801233409,12,1377,542,Golden Retriever
268,672640509974827008,9,1032,348,Chesapeake Bay Retriever
269,672834301050937345,10,1398,623,Pembroke
270,672877615439593473,8,1096,405,Chihuahua
271,672964561327235073,10,1530,701,Chihuahua
272,672968025906282496,11,1405,602,Toy Poodle
273,672975131468300288,10,1813,1015,Pug
274,672980819271634944,5,1930,1079,Basset
275,672988786805112832,10,1039,314,Lakeland Terrier
276,672995267319328768,8,1001,328,French Bulldog
277,672997845381865473,12,2092,786,Chow
278,673213039743795200,10,2410,929,Schipperke
279,673240798075449344,6,1510,798,Airedale
280,673270968295534593,11,1134,400,Shih-Tzu
281,673295268553605120,8,8046,3484,Golden Retriever
282,673317986296586240,10,924,293,Miniature Pinscher
283,673320132811366400,11,14441,8705,Samoyed
284,673342308415348736,10,1362,649,Chihuahua
285,673343217010679808,11,1038,289,Chihuahua
286,673345638550134785,7,2700,1422,Pomeranian
287,673350198937153538,9,784,229,West Highland White Terrier
288,673352124999274496,12,1761,597,Golden Retriever
289,673355879178194945,11,1606,652,Rottweiler
290,673359818736984064,8,1558,728,English Setter
291,673580926094458881,8,882,297,Beagle
292,673583129559498752,11,1273,403,Golden Retriever
293,673612854080196609,7,1691,802,Newfoundland
294,673636718965334016,10,1194,404,Pug
295,673656262056419329,10,769,265,Bull Mastiff
296,673662677122719744,12,1339,397,Labrador Retriever
297,673680198160809984,13,1460,521,Samoyed
298,673686845050527744,11,1544,479,Pekinese
299,673688752737402881,9,1325,534,Soft-Coated Wheaten Terrier
300,673689733134946305,11,1855,700,Chesapeake Bay Retriever
301,673705679337693185,8,1337,439,Shih-Tzu
302,673707060090052608,10,1177,434,German Short-Haired Pointer
303,673708611235921920,12,1153,315,Golden Retriever
304,673709992831262724,12,908,306,Chihuahua
305,673711475735838725,10,1114,325,Maltese Dog
306,673887867907739649,10,994,274,Brabancon Griffon
307,673906403526995968,3,3406,1799,Soft-Coated Wheaten Terrier
308,673919437611909120,11,1251,401,Schipperke
309,673956914389192708,10,2091,1069,Pug
310,674014384960745472,11,1676,714,Pembroke
311,674019345211760640,10,1208,340,Collie
312,674024893172875264,10,1914,1360,Pomeranian
313,674036086168010753,9,906,240,Toy Poodle
314,674038233588723717,12,1176,456,Eskimo Dog
315,674042553264685056,12,772,142,Toy Poodle
316,674051556661161984,10,1564,530,Shih-Tzu
317,674053186244734976,10,3576,1441,Cardigan
318,674075285688614912,11,1047,316,Airedale
319,674082852460433408,11,804,186,Pomeranian
320,674255168825880576,10,1581,619,Eskimo Dog
321,674262580978937856,9,1391,498,Greater Swiss Mountain Dog
322,674269164442398721,8,961,255,Pug
323,674271431610523648,10,1682,800,German Shepherd
324,674291837063053312,11,15817,6533,Cardigan
325,674394782723014656,8,1607,635,Lakeland Terrier
326,674410619106390016,10,1289,515,Beagle
327,674416750885273600,10,731,157,Chihuahua
328,674422304705744896,12,1536,592,Golden Retriever
329,674436901579923456,9,1198,426,Shih-Tzu
330,674447403907457024,10,1137,393,Brabancon Griffon
331,674468880899788800,13,6676,2275,Chow
332,674638615994089473,12,1806,650,Pomeranian
333,674644256330530816,11,1111,311,Basset
334,674646392044941312,5,1533,557,Flat-Coated Retriever
335,674670581682434048,9,1751,729,Malamute
336,674737130913071104,10,693,103,Pomeranian
337,674739953134403584,11,1194,437,Dandie Dinmont
338,674743008475090944,10,1514,607,Bernese Mountain Dog
339,674752233200820224,12,1580,516,Vizsla
340,674764817387900928,10,852,263,Samoyed
341,674774481756377088,11,1213,532,Chihuahua
342,674788554665512960,9,871,230,Miniature Poodle
343,674790488185167872,13,1180,278,Labrador Retriever
344,674793399141146624,13,2697,1225,Giant Schnauzer
345,674800520222154752,11,3240,949,Pembroke
346,674805413498527744,10,934,391,English Springer
347,674999807681908736,13,2433,1232,Rottweiler
348,675003128568291329,12,1672,517,Pembroke
349,675006312288268288,10,1057,252,Boxer
350,675015141583413248,10,2918,1335,Golden Retriever
351,675047298674663426,11,1141,366,Samoyed
352,675109292475830276,9,3006,1259,Dalmatian
353,675111688094527488,8,1042,283,Labrador Retriever
354,675145476954566656,9,2305,1011,Labrador Retriever
355,675146535592706048,7,1300,349,Cardigan
356,675147105808306176,10,1026,273,Golden Retriever
357,675149409102012420,12,4037,1878,Chow
358,675166823650848770,10,3920,1795,Standard Poodle
359,675334060156301312,12,3007,1436,Pembroke
360,675349384339542016,13,4237,2532,Borzoi
361,675354435921575936,13,35178,18963,Golden Retriever
362,675362609739206656,12,1136,262,Labrador Retriever
363,675372240448454658,13,1838,563,Chihuahua
364,675432746517426176,12,1623,627,Labrador Retriever
365,675489971617296384,10,1406,672,West Highland White Terrier
366,675497103322386432,11,3397,1443,Vizsla
367,675517828909424640,12,1414,507,Scottish Deerhound
368,675522403582218240,10,1122,316,Cocker Spaniel
369,675531475945709568,10,1276,428,Pembroke
370,675534494439489536,11,1953,470,Chow
371,675706639471788032,10,693,106,English Springer
372,675707330206547968,11,2154,771,Staffordshire Bullterrier
373,675710890956750848,12,2046,928,Standard Schnauzer
374,675740360753160193,12,1257,388,Golden Retriever
375,675781562965868544,11,1750,537,Maltese Dog
376,675798442703122432,10,11101,3787,Beagle
377,675820929667219457,11,1140,260,Basset
378,675822767435051008,10,1652,591,Pomeranian
379,675845657354215424,10,2477,1000,Pug
380,675870721063669760,11,1783,632,Golden Retriever
381,675878199931371520,11,4531,1570,Cardigan
382,675888385639251968,10,2581,1067,West Highland White Terrier
383,675891555769696257,6,2297,976,Italian Greyhound
384,675898130735476737,10,1774,653,Labrador Retriever
385,676089483918516224,9,1431,483,Bull Mastiff
386,676101918813499392,11,3042,1284,Shih-Tzu
387,676146341966438401,10,2077,744,Irish Water Spaniel
388,676191832485810177,10,2478,1145,Chihuahua
389,676219687039057920,10,67100,31989,Whippet
390,676237365392908289,8,1335,331,French Bulldog
391,676263575653122048,10,2243,609,Toy Poodle
392,676430933382295552,10,1526,385,Golden Retriever
393,676440007570247681,11,1863,748,Maltese Dog
394,676470639084101634,11,12616,5224,Golden Retriever
395,676496375194980353,9,1641,602,Pug
396,676533798876651520,12,2025,621,Chow
397,676575501977128964,8,2807,1254,Yorkshire Terrier
398,676582956622721024,8,1310,312,Boston Bull
399,676588346097852417,5,2533,896,Boston Bull
400,676603393314578432,9,1280,440,Whippet
401,676606785097199616,12,2039,490,Malinois
402,676613908052996102,12,1183,219,Doberman
403,676617503762681856,13,3149,1108,Chihuahua
404,676811746707918848,9,1536,469,Chihuahua
405,676819651066732545,12,1957,741,Labrador Retriever
406,676821958043033607,11,25124,17605,Great Pyrenees
407,676864501615042560,10,2294,808,Chesapeake Bay Retriever
408,676936541936185344,8,13809,5515,Chesapeake Bay Retriever
409,676946864479084545,12,1844,426,Pekinese
410,676949632774234114,8,1413,448,Welsh Springer Spaniel
411,676957860086095872,10,2395,907,Labrador Retriever
412,676975532580409345,11,3015,1203,Malamute
413,677187300187611136,9,2981,1033,English Setter
414,677269281705472000,10,2164,790,Shetland Sheepdog
415,677301033169788928,5,1362,471,Japanese Spaniel
416,677314812125323265,10,1799,611,Blenheim Spaniel
417,677328882937298944,10,3938,1693,Kelpie
418,677331501395156992,9,1189,265,Beagle
419,677334615166730240,9,1477,328,Lakeland Terrier
420,677530072887205888,9,1161,250,Staffordshire Bullterrier
421,677547928504967168,12,7568,4076,American Staffordshire Terrier
422,677557565589463040,10,2665,1322,Shih-Tzu
423,677565715327688705,6,1409,513,Basset
424,677644091929329666,11,2040,886,Chihuahua
425,677673981332312066,9,3603,1677,Maltese Dog
426,677687604918272002,11,2681,950,Pembroke
427,677698403548192770,9,1332,363,Shih-Tzu
428,677700003327029250,10,3689,1622,Siberian Husky
429,677895101218201600,9,5275,2384,Dalmatian
430,677918531514703872,10,1476,463,Eskimo Dog
431,678021115718029313,12,15018,7148,Miniature Pinscher
432,678255464182861824,9,1726,418,Chihuahua
433,678278586130948096,10,12531,6857,Maltese Dog
434,678334497360859136,10,1427,304,Norfolk Terrier
435,678341075375947776,12,1896,612,Golden Retriever
436,678380236862578688,10,2655,1020,Samoyed
437,678389028614488064,11,2044,473,Miniature Pinscher
438,678396796259975168,12,1731,478,Pembroke
439,678399652199309312,12,61794,30742,Bedlington Terrier
440,678410210315247616,10,4640,2072,Schipperke
441,678424312106393600,2,5916,2880,Maltese Dog
442,678446151570427904,10,4358,1785,Staffordshire Bullterrier
443,678643457146150913,10,2250,489,Labrador Retriever
444,678740035362037760,6,4099,1926,Beagle
445,678755239630127104,10,7802,3741,Malamute
446,678764513869611008,10,1788,544,Irish Terrier
447,678774928607469569,11,3037,1043,Pembroke
448,678798276842360832,7,3804,1350,Airedale
449,678800283649069056,12,2810,1018,Labrador Retriever
450,678969228704284672,11,1796,528,Labrador Retriever
451,678991772295516161,12,2537,1333,Eskimo Dog
452,679047485189439488,9,2460,781,Golden Retriever
453,679062614270468097,11,18712,9299,Schipperke
454,679111216690831360,12,6514,2893,Kelpie
455,679132435750195208,10,3253,1314,Scottish Deerhound
456,679148763231985668,8,3028,1163,Italian Greyhound
457,679158373988876288,11,23568,9193,Pug
458,679462823135686656,11,34856,21324,Toy Poodle
459,679475951516934144,9,2304,728,Maltese Dog
460,679511351870550016,7,3711,1461,Chihuahua
461,679530280114372609,7,5208,2347,Dalmatian
462,679722016581222400,8,1817,539,Boxer
463,679729593985699840,8,2367,937,West Highland White Terrier
464,679736210798047232,9,2311,918,French Bulldog
465,679777920601223168,10,3390,1281,Bloodhound
466,679828447187857408,13,39726,15839,Chihuahua
467,679844490799091713,10,2593,887,Airedale
468,679854723806179328,7,3143,1402,Chow
469,679862121895714818,11,2678,706,Entlebucher
470,680055455951884288,10,18278,8067,Samoyed
471,680070545539371008,9,2818,994,Shih-Tzu
472,680100725817409536,11,3891,1554,Golden Retriever
473,680115823365742593,9,2972,1028,Pug
474,680130881361686529,10,2519,1078,Maltese Dog
475,680145970311643136,10,3955,1972,Miniature Poodle
476,680161097740095489,12,2538,828,Bluetick
477,680191257256136705,11,2356,577,Brittany Spaniel
478,680473011644985345,10,2778,844,Lakeland Terrier
479,680497766108381184,12,4639,2162,Chihuahua
480,680609293079592961,9,2906,816,French Bulldog
481,680801747103793152,10,2600,925,Pug
482,680836378243002368,12,3766,1513,Pembroke
483,680889648562991104,9,1945,418,Shetland Sheepdog
484,680913438424612864,11,2609,705,Pomeranian
485,680934982542561280,10,2285,497,Labrador Retriever
486,680940246314430465,4,3544,1225,Soft-Coated Wheaten Terrier
487,680959110691590145,9,4986,2243,Pug
488,680970795137544192,9,2665,749,Pug
489,681193455364796417,11,4077,1691,Pomeranian
490,681231109724700672,11,2629,540,Irish Setter
491,681261549936340994,9,1597,308,Tibetan Terrier
492,681281657291280384,11,3520,1258,Saint Bernard
493,681297372102656000,12,3490,1091,Lhasa
494,681320187870711809,11,2918,863,Samoyed
495,681339448655802368,9,10202,4598,Labrador Retriever
496,681523177663676416,12,15749,6620,Norfolk Terrier
497,681579835668455424,8,3893,1489,Rottweiler
498,681610798867845120,12,2100,533,Toy Poodle
499,681654059175129088,12,2903,1045,Pomeranian
500,681694085539872773,11,14010,4581,Toy Poodle
501,681891461017812993,10,2706,951,Chihuahua
502,681981167097122816,12,3043,1161,Labrador Retriever
503,682032003584274432,11,7223,2294,Schipperke
504,682259524040966145,9,4578,1375,Siberian Husky
505,682303737705140231,9,3389,1135,Lakeland Terrier
506,682389078323662849,9,1828,518,Curly-Coated Retriever
507,682393905736888321,11,2441,773,Vizsla
508,682429480204398592,8,3769,1320,Whippet
509,682638830361513985,12,2266,675,English Springer
510,682662431982772225,11,3326,1207,Beagle
511,682750546109968385,9,1674,494,English Setter
512,683030066213818368,10,2370,832,Boxer
513,683078886620553216,9,2176,634,Eskimo Dog
514,683098815881154561,12,2361,736,Golden Retriever
515,683111407806746624,10,3736,1034,Cocker Spaniel
516,683142553609318400,9,3162,1173,Leonberg
517,683357973142474752,10,3238,1059,Pembroke
518,683391852557561860,11,8356,2702,French Bulldog
519,683449695444799489,10,4290,1837,Lakeland Terrier
520,683462770029932544,8,2676,761,Italian Greyhound
521,683481228088049664,11,2878,1118,Keeshond
522,683498322573824003,11,3469,1095,Airedale
523,683742671509258241,11,7162,3781,Pembroke
524,683773439333797890,9,3684,1533,Miniature Pinscher
525,683828599284170753,12,3053,1195,Malamute
526,683834909291606017,9,2880,1265,Maltese Dog
527,683849932751646720,5,2896,1116,Mexican Hairless
528,683852578183077888,10,2111,397,Toy Poodle
529,683857920510050305,10,4163,1262,Bluetick
530,684097758874210310,10,4515,1621,Labrador Retriever
531,684177701129875456,10,2215,764,Chow
532,684188786104872960,10,3831,1343,Kelpie
533,684195085588783105,9,2108,595,Chihuahua
534,684241637099323392,12,8999,3727,Pembroke
535,684460069371654144,10,2169,628,Labrador Retriever
536,684481074559381504,10,4249,1320,Chihuahua
537,684538444857667585,12,2915,1085,Chihuahua
538,684594889858887680,10,9843,4016,Weimaraner
539,684800227459624960,11,2979,1124,Miniature Schnauzer
540,684902183876321280,11,2053,605,Pembroke
541,684914660081053696,12,3848,1662,Chow
542,684926975086034944,11,3849,552,Labrador Retriever
543,684940049151070208,12,3523,1191,Border Collie
544,685169283572338688,11,4489,1620,Bernese Mountain Dog
545,685198997565345792,11,2566,764,Old English Sheepdog
546,685268753634967552,10,3419,1371,Pug
547,685307451701334016,11,2262,496,Pomeranian
548,685315239903100929,11,3676,1234,Chow
549,685321586178670592,10,2910,735,Boston Bull
550,685325112850124800,10,10471,4535,Golden Retriever
551,685532292383666176,9,3336,1298,Collie
552,685641971164143616,7,3218,885,Lakeland Terrier
553,685663452032069632,12,3557,1656,Chesapeake Bay Retriever
554,685906723014619143,9,8277,3303,Yorkshire Terrier
555,685943807276412928,8,1801,696,Papillon
556,685973236358713344,11,2326,611,Siberian Husky
557,686007916130873345,11,2704,472,Rhodesian Ridgeback
558,686034024800862208,12,3424,1324,Great Dane
559,686050296934563840,11,2420,836,Pomeranian
560,686358356425093120,10,2398,776,Pug
561,686377065986265092,10,2433,637,German Shepherd
562,686386521809772549,11,3553,996,Yorkshire Terrier
563,686606069955735556,10,2071,607,Labrador Retriever
564,686618349602762752,11,4042,1544,Rottweiler
565,686683045143953408,11,3072,912,Norwich Terrier
566,686730991906516992,12,4543,1350,Tibetan Mastiff
567,687096057537363968,11,2449,695,Labrador Retriever
568,687109925361856513,11,6370,2803,Borzoi
569,687124485711986689,11,2371,577,Beagle
570,687127927494963200,9,6004,2591,Pug
571,687312378585812992,7,4777,2146,Great Dane
572,687317306314240000,11,22073,10411,Shih-Tzu
573,687460506001633280,10,2243,614,Boston Bull
574,687480748861947905,12,1760,281,English Springer
575,687494652870668288,7,2104,654,Rottweiler
576,687664829264453632,11,2121,576,Pug
577,687704180304273409,9,2660,950,Miniature Pinscher
578,687807801670897665,11,2625,801,Staffordshire Bullterrier
579,687818504314159109,12,2758,1080,Lakeland Terrier
580,687826841265172480,12,2989,1292,Pomeranian
581,688064179421470721,11,1878,408,Eskimo Dog
582,688116655151435777,10,3093,888,Pug
583,688385280030670848,12,10180,5035,Golden Retriever
584,688519176466644993,12,2520,825,Pembroke
585,688547210804498433,9,2862,789,Papillon
586,688789766343622656,8,2434,759,American Staffordshire Terrier
587,688804835492233216,12,1043,227,Malinois
588,688828561667567616,9,1508,420,Cardigan
589,688898160958271489,10,2307,890,Ibizan Hound
590,688916208532455424,11,3003,983,Pembroke
591,689143371370250240,10,2232,579,English Springer
592,689154315265683456,9,3348,1128,Cocker Spaniel
593,689275259254616065,10,1273,285,American Staffordshire Terrier
594,689280876073582592,10,2197,819,Chihuahua
595,689283819090870273,9,3624,1250,Scotch Terrier
596,689517482558820352,12,3735,1609,Pembroke
597,689557536375177216,12,2257,519,Eskimo Dog
598,689599056876867584,11,12795,6265,Cocker Spaniel
599,689623661272240129,10,2467,748,Toy Poodle
600,689661964914655233,12,3501,1052,Italian Greyhound
601,689835978131935233,11,2369,850,Collie
602,689877686181715968,9,3323,1344,Old English Sheepdog
603,689905486972461056,11,2651,787,Pomeranian
604,689977555533848577,12,1490,502,Labrador Retriever
605,689999384604450816,10,1561,424,Standard Poodle
606,690005060500217858,10,4004,1907,Samoyed
607,690015576308211712,12,2740,836,Malamute
608,690021994562220032,10,3056,1180,Malamute
609,690360449368465409,9,2925,1006,Pug
610,690374419777196032,11,3560,972,Kuvasz
611,690400367696297985,10,2041,509,Pembroke
612,690597161306841088,11,2163,681,Lhasa
613,690649993829576704,11,1435,325,Mexican Hairless
614,690690673629138944,10,2547,898,Maltese Dog
615,690728923253055490,8,2384,597,Kuvasz
616,690735892932222976,13,4134,1442,Golden Retriever
617,690959652130045952,11,3902,1421,Golden Retriever
618,691096613310316544,11,3253,1019,Borzoi
619,691321916024623104,11,2828,747,Rottweiler
620,691416866452082688,13,21253,8689,Lakeland Terrier
621,691444869282295808,12,2890,955,Bernese Mountain Dog
622,691459709405118465,12,4449,1294,Shetland Sheepdog
623,691483041324204033,5,2608,656,Bloodhound
624,691675652215414786,10,2116,577,Chihuahua
625,691756958957883396,10,3179,1161,Saint Bernard
626,692017291282812928,9,3153,1081,Tibetan Terrier
627,692142790915014657,13,1798,438,Toy Poodle
628,692158366030913536,10,2369,896,Pug
629,692187005137076224,12,2768,929,Siberian Husky
630,692530551048294401,10,2021,474,Siberian Husky
631,692535307825213440,10,3504,1529,Pug
632,692568918515392513,12,4739,1737,Golden Retriever
633,692752401762250755,13,7496,4124,Samoyed
634,692828166163931137,12,3148,998,Samoyed
635,692894228850999298,10,2511,910,German Short-Haired Pointer
636,692901601640583168,10,1971,682,Soft-Coated Wheaten Terrier
637,692905862751522816,10,2683,998,Mexican Hairless
638,692919143163629568,9,2926,838,Saint Bernard
639,693095443459342336,10,2056,523,Yorkshire Terrier
640,693109034023534592,11,1889,695,Cocker Spaniel
641,693155686491000832,12,8668,3622,Shih-Tzu
642,693231807727280129,9,3133,841,Vizsla
643,693262851218264065,11,2459,568,Golden Retriever
644,693280720173801472,10,3669,1403,Labrador Retriever
645,693622659251335168,10,1691,422,Malamute
646,693629975228977152,12,2685,894,Pug
647,693642232151285760,9,2790,472,Scottish Deerhound
648,693942351086120961,10,1896,413,Groenendael
649,694001791655137281,11,3705,1176,Pembroke
650,694183373896572928,9,3236,1040,Pekinese
651,694206574471057408,10,4582,2297,Shih-Tzu
652,694329668942569472,9,2203,569,Boxer
653,694352839993344000,10,2244,700,Australian Terrier
654,694356675654983680,10,1653,328,Pomeranian
655,695051054296211456,6,2918,885,Boston Bull
656,695074328191332352,11,3116,1239,Shih-Tzu
657,695095422348574720,12,2888,684,Papillon
658,695314793360662529,10,4004,1675,Maltese Dog
659,695409464418041856,10,9460,4017,Pug
660,695446424020918272,12,4787,2026,Basenji
661,695629776980148225,8,5020,2377,Old English Sheepdog
662,695767669421768709,13,2060,854,Soft-Coated Wheaten Terrier
663,695794761660297217,13,3490,880,Samoyed
664,695816827381944320,11,3287,1320,Pomeranian
665,696405997980676096,7,3531,1284,Borzoi
666,696488710901260288,12,2788,1166,Briard
667,696713835009417216,9,2613,757,Chesapeake Bay Retriever
668,696754882863349760,10,1615,396,Toy Poodle
669,696886256886657024,12,5317,2016,Kuvasz
670,696894894812565505,9,2594,758,Appenzeller
671,696900204696625153,12,3492,1156,Chihuahua
672,697242256848379904,10,2753,751,Eskimo Dog
673,697255105972801536,10,3316,1315,Great Dane
674,697259378236399616,8,3611,1136,Great Dane
675,697270446429966336,10,5131,2087,Toy Poodle
676,697575480820686848,8,2250,572,Whippet
677,697596423848730625,11,3306,1425,Shetland Sheepdog
678,697616773278015490,11,3467,1144,Lhasa
679,697943111201378304,10,2638,776,Great Dane
680,697990423684476929,11,3592,1451,Pembroke
681,697995514407682048,11,1665,372,Staffordshire Bullterrier
682,698178924120031232,10,3084,830,Chesapeake Bay Retriever
683,698195409219559425,9,18408,6750,Labrador Retriever
684,698262614669991936,11,5214,2268,Italian Greyhound
685,698342080612007937,11,2485,1074,Boxer
686,698355670425473025,10,2046,516,Pug
687,698549713696649216,9,2536,704,French Bulldog
688,698635131305795584,12,1400,388,Samoyed
689,698703483621523456,7,1608,425,Brittany Spaniel
690,698710712454139905,10,2710,774,Samoyed
691,698907974262222848,10,2787,699,German Short-Haired Pointer
692,698953797952008193,11,2975,1020,Italian Greyhound
693,698989035503689728,13,3701,1113,Norfolk Terrier
694,699036661657767936,13,2863,1345,Chihuahua
695,699072405256409088,12,3296,1325,Shih-Tzu
696,699079609774645248,8,2677,745,Schipperke
697,699323444782047232,10,3466,983,Labrador Retriever
698,699370870310113280,11,2053,497,Cairn
699,699413908797464576,11,2258,688,Samoyed
700,699423671849451520,10,1505,383,Pug
701,699434518667751424,12,2384,577,Golden Retriever
702,699446877801091073,12,6515,2938,Pembroke
703,699775878809702401,11,2150,690,Dandie Dinmont
704,699779630832685056,10,3039,1397,Malinois
705,699788877217865730,12,2458,557,Border Terrier
706,699801817392291840,11,3345,1088,Golden Retriever
707,700002074055016451,9,3627,1529,Chihuahua
708,700029284593901568,10,2262,661,West Highland White Terrier
709,700143752053182464,10,8282,3129,Golden Retriever
710,700151421916807169,11,2450,754,Italian Greyhound
711,700167517596164096,10,2903,836,Beagle
712,700462010979500032,6,4537,2031,Pomeranian
713,700505138482569216,12,2487,646,Norwegian Elkhound
714,700518061187723268,10,2887,915,American Staffordshire Terrier
715,700747788515020802,11,25130,10673,Great Pyrenees
716,700847567345688576,10,2637,558,Rhodesian Ridgeback
717,700864154249383937,12,2828,685,Kuvasz
718,700890391244103680,11,2437,653,Schipperke
719,701214700881756160,12,13475,5812,Chihuahua
720,701545186879471618,10,2902,680,Border Collie
721,701570477911896070,9,3080,1055,Yorkshire Terrier
722,701601587219795968,10,2299,523,Chihuahua
723,701889187134500865,11,3905,1558,French Bulldog
724,701952816642965504,11,4167,1149,Toy Poodle
725,701981390485725185,12,3755,1106,Pomeranian
726,702217446468493312,9,5268,1526,Golden Retriever
727,702276748847800320,11,2706,860,Boston Bull
728,702321140488925184,12,3604,1156,West Highland White Terrier
729,702539513671897089,12,3134,1091,Pomeranian
730,702598099714314240,11,11332,3712,Kelpie
731,702671118226825216,10,2398,634,Bloodhound
732,702684942141153280,11,3516,1215,Golden Retriever
733,703079050210877440,11,8064,3494,Pembroke
734,703268521220972544,12,2152,618,Kuvasz
735,703356393781329922,9,2085,429,Border Collie
736,703382836347330562,12,3837,1285,Golden Retriever
737,703425003149250560,9,4162,1559,Miniature Pinscher
738,703611486317502464,10,4229,1709,Pembroke
739,703769065844768768,10,3621,1276,Boxer
740,703774238772166656,10,2020,526,Labrador Retriever
741,704347321748819968,10,1729,393,Brittany Spaniel
742,704364645503647744,12,8804,3999,Pembroke
743,704480331685040129,11,3723,1197,Samoyed
744,704499785726889984,12,3212,1124,Chihuahua
745,704761120771465216,13,7283,3257,Chihuahua
746,704847917308362754,12,5594,1727,Golden Retriever
747,704859558691414016,10,2462,612,Pug
748,704871453724954624,12,4585,1245,Norfolk Terrier
749,705066031337840642,12,2378,683,Airedale
750,705102439679201280,10,2342,585,Collie
751,705223444686888960,9,2829,900,Chesapeake Bay Retriever
752,705239209544720384,11,3290,854,Chihuahua
753,705428427625635840,11,4188,1931,Chihuahua
754,705442520700944385,12,4877,1859,Great Pyrenees
755,705475953783398401,12,3231,1045,Golden Retriever
756,705591895322394625,11,3475,1308,Basenji
757,705786532653883392,11,2132,596,Labrador Retriever
758,705898680587526145,10,2597,643,Collie
759,705970349788291072,12,3440,1008,Golden Retriever
760,705975130514706432,10,3397,842,Staffordshire Bullterrier
761,706166467411222528,7,5636,1819,Samoyed
762,706265994973601792,11,2979,1030,Papillon
763,706291001778950144,11,1861,522,Border Terrier
764,706310011488698368,12,23443,9034,Pembroke
765,706346369204748288,12,3768,1035,Tibetan Mastiff
766,706516534877929472,12,3404,1150,Golden Retriever
767,706538006853918722,11,3778,1580,Chow
768,706644897839910912,9,2814,1224,Chihuahua
769,706681918348251136,12,3627,1103,Toy Poodle
770,707014260413456384,11,2502,664,Chihuahua
771,707021089608753152,12,4433,1540,Cocker Spaniel
772,707038192327901184,10,2404,900,Pug
773,707059547140169728,11,2796,759,Samoyed
774,707297311098011648,10,3022,903,Blenheim Spaniel
775,707315916783140866,10,2698,727,Bernese Mountain Dog
776,707377100785885184,9,3603,1214,Golden Retriever
777,707387676719185920,10,3835,1490,Chihuahua
778,707411934438625280,11,2486,673,Lakeland Terrier
779,707420581654872064,4,2499,789,Kuvasz
780,707610948723478529,12,18557,7236,Golden Retriever
781,707741517457260545,10,2718,696,Whippet
782,707776935007539200,11,3593,1079,Miniature Pinscher
783,707969809498152960,11,2941,1097,Toy Poodle
784,708026248782585858,13,4799,2166,Malinois
785,708109389455101952,10,2124,610,Staffordshire Bullterrier
786,708119489313951744,9,2937,1102,Norwich Terrier
787,708130923141795840,11,3707,943,French Bulldog
788,708149363256774660,10,4672,1727,Cardigan
789,708349470027751425,11,2568,831,Basenji
790,708356463048204288,10,3929,1520,Pug
791,708469915515297792,11,3357,926,Chihuahua
792,708479650088034305,13,2768,765,Shih-Tzu
793,708711088997666817,11,2790,834,German Short-Haired Pointer
794,708738143638450176,11,2997,917,Pomeranian
795,708810915978854401,10,18036,7848,Golden Retriever
796,708834316713893888,10,1860,571,Eskimo Dog
797,708845821941387268,9,3226,1015,Schipperke
798,709042156699303936,9,5197,1864,Rottweiler
799,709158332880297985,10,2236,470,Siberian Husky
800,709207347839836162,11,13755,6567,Chihuahua
801,709225125749587968,11,2615,647,Labrador Retriever
802,709409458133323776,8,2855,788,Shetland Sheepdog
803,709449600415961088,10,2420,665,Maltese Dog
804,709519240576036864,9,1620,277,Cocker Spaniel
805,709556954897764353,12,3593,1204,Golden Retriever
806,709566166965075968,12,3865,1367,Chow
807,709852847387627521,12,3824,1336,Chihuahua
808,709918798883774466,12,3250,1215,Pembroke
809,710117014656950272,11,5999,2233,Toy Poodle
810,710140971284037632,8,3017,1008,Pekinese
811,710153181850935296,11,3153,1006,Cocker Spaniel
812,710269109699739648,13,2613,1257,Pug
813,710272297844797440,11,4945,1425,Old English Sheepdog
814,710283270106132480,11,2308,580,Shih-Tzu
815,710588934686908417,12,4968,2107,Pembroke
816,710833117892898816,12,2937,606,Pembroke
817,710844581445812225,10,2775,779,Pembroke
818,710997087345876993,12,4960,1561,Malamute
819,711008018775851008,11,3275,710,French Bulldog
820,711306686208872448,3,3596,819,Dandie Dinmont
821,711363825979756544,11,3996,1287,Pembroke
822,711732680602345472,10,9756,4653,Ibizan Hound
823,711743778164514816,11,3095,1101,Lakeland Terrier
824,712085617388212225,11,3531,556,Shih-Tzu
825,712097430750289920,10,4144,1172,Labrador Retriever
826,712438159032893441,11,5799,1756,Great Pyrenees
827,712668654853337088,10,4531,1367,Labrador Retriever
828,712717840512598017,10,13474,5616,Great Pyrenees
829,712809025985978368,10,20378,7602,Labrador Retriever
830,713175907180089344,10,4851,1630,Malamute
831,713177543487135744,10,7854,3183,Whippet
832,713411074226274305,11,4802,1440,Great Pyrenees
833,713761197720473600,12,5308,1541,Brittany Spaniel
834,713919462244790272,12,3564,869,Siberian Husky
835,714141408463036416,10,4673,1569,Labrador Retriever
836,714214115368108032,13,2480,990,Pug
837,714251586676113411,8,3570,940,Soft-Coated Wheaten Terrier
838,714258258790387713,10,3281,808,Collie
839,714606013974974464,12,3938,1038,Norfolk Terrier
840,714957620017307648,10,4503,1595,Great Pyrenees
841,714982300363173890,9,4094,1166,Brittany Spaniel
842,715009755312439296,12,4550,1392,Chihuahua
843,715200624753819648,12,5578,2110,Chihuahua
844,715220193576927233,10,2630,736,Chihuahua
845,715342466308784130,10,3294,768,West Highland White Terrier
846,715680795826982913,12,4719,1813,Golden Retriever
847,715696743237730304,10,4257,1454,Staffordshire Bullterrier
848,715733265223708672,10,5093,1920,Dandie Dinmont
849,715928423106027520,11,3485,987,Pug
850,716080869887381504,11,5272,1935,Golden Retriever
851,716285507865542656,12,3041,1225,Yorkshire Terrier
852,716791146589110272,11,5204,1474,Pomeranian
853,716802964044845056,10,4627,1317,Malinois
854,717009362452090881,10,3583,1102,Siberian Husky
855,717047459982213120,12,6826,2135,Golden Retriever
856,717421804990701568,9,3446,945,Miniature Pinscher
857,717537687239008257,11,6281,2069,Golden Retriever
858,717841801130979328,11,2660,670,Brittany Spaniel
859,718234618122661888,11,4217,1127,Malamute
860,718246886998687744,3,2115,565,Chihuahua
861,718460005985447936,9,2846,602,Boston Bull
862,718540630683709445,10,2730,1137,Maltese Dog
863,718613305783398402,11,2669,542,Labrador Retriever
864,718631497683582976,10,20697,9126,Pomeranian
865,718939241951195136,12,5720,1973,Pembroke
866,718971898235854848,10,3818,1231,Golden Retriever
867,719332531645071360,11,3711,1078,Dandie Dinmont
868,719339463458033665,10,4822,1403,Golden Retriever
869,719367763014393856,11,3022,827,Soft-Coated Wheaten Terrier
870,719551379208073216,10,5515,2192,Malamute
871,719991154352222208,10,5281,1979,Golden Retriever
872,720043174954147842,11,5332,2253,Samoyed
873,720059472081784833,9,4229,1268,Mexican Hairless
874,720389942216527872,11,6974,2840,Pembroke
875,720415127506415616,10,4503,1681,Rottweiler
876,720775346191278080,10,2702,760,Newfoundland
877,720785406564900865,12,3400,866,Chihuahua
878,721001180231503872,11,2748,686,Samoyed
879,721503162398597120,11,5086,2124,Pomeranian
880,722613351520608256,12,5393,1831,Labrador Retriever
881,723179728551723008,8,5761,2110,Norwegian Elkhound
882,723673163800948736,10,3291,1011,Golden Retriever
883,723688335806480385,12,8435,3347,Chow
884,723912936180330496,12,4236,1374,Samoyed
885,724004602748780546,11,4561,1790,Pug
886,724046343203856385,10,2901,620,Boxer
887,724049859469295616,10,4738,1984,Border Collie
888,724405726123311104,10,5800,1847,Golden Retriever
889,724771698126512129,11,2593,725,German Short-Haired Pointer
890,724983749226668032,12,4040,1462,Golden Retriever
891,725729321944506368,12,5646,2009,Boxer
892,725786712245440512,11,4537,1527,Chow
893,725842289046749185,12,7691,2970,Toy Poodle
894,726224900189511680,9,4811,1302,Standard Poodle
895,726828223124897792,12,3882,1124,Miniature Pinscher
896,726887082820554753,10,4195,1677,Soft-Coated Wheaten Terrier
897,726935089318363137,12,7496,2738,Toy Poodle
898,727175381690781696,10,4209,1540,Flat-Coated Retriever
899,727286334147182592,9,3324,920,Chihuahua
900,727314416056803329,11,3623,834,Toy Poodle
901,727524757080539137,10,4900,1379,Pomeranian
902,727644517743104000,13,6431,1962,Great Pyrenees
903,727685679342333952,12,3206,720,Border Collie
904,728015554473250816,11,4479,1219,Cocker Spaniel
905,728035342121635841,12,4953,1872,Pomeranian
906,728046963732717569,11,4722,1328,Newfoundland
907,728387165835677696,12,3999,1075,Collie
908,728409960103686147,10,5383,2269,Saint Bernard
909,728751179681943552,10,3032,757,Saint Bernard
910,728760639972315136,13,5090,1911,Pembroke
911,728986383096946689,11,3460,917,Maltese Dog
912,729463711119904772,13,6340,2586,German Shepherd
913,729823566028484608,13,4358,1390,Kelpie
914,730211855403241472,11,4180,1182,Pug
915,730427201120833536,11,3809,1176,Eskimo Dog
916,730573383004487680,10,5407,2435,American Staffordshire Terrier
917,730924654643314689,9,6682,2234,Newfoundland
918,731285275100512256,12,3798,1090,Pembroke
919,732005617171337216,11,16324,6154,English Setter
920,732375214819057664,11,8832,2838,Basset
921,732585889486888962,10,4016,868,Staffordshire Bullterrier
922,732726085725589504,11,3855,1003,Pomeranian
923,732732193018155009,12,2671,599,Staffordshire Bullterrier
924,733109485275860992,12,44619,17621,Golden Retriever
925,733460102733135873,11,4605,1451,Chow
926,733482008106668032,10,3438,1065,French Bulldog
927,733822306246479872,10,4015,1141,Lhasa
928,733828123016450049,10,3926,881,Beagle
929,734776360183431168,11,2742,608,Siberian Husky
930,734787690684657664,13,13745,7102,Golden Retriever
931,734912297295085568,10,2993,572,Maltese Dog
932,735137028879360001,9,3428,1092,Walker Hound
933,735256018284875776,8,3675,993,Staffordshire Bullterrier
934,735635087207878657,11,6776,2659,Pug
935,735648611367784448,12,4397,1237,Pembroke
936,735991953473572864,11,3934,1283,Cocker Spaniel
937,736010884653420544,10,8652,3355,Golden Retriever
938,736225175608430592,10,8901,3115,Labrador Retriever
939,736365877722001409,11,4367,1408,Toy Poodle
940,736736130620620800,13,4736,1972,Schipperke
941,737445876994609152,13,11302,5048,Samoyed
942,737678689543020544,11,5528,1509,Pembroke
943,737800304142471168,10,10943,3904,Malamute
944,737826014890496000,10,5757,2006,Vizsla
945,738156290900254721,10,2768,748,Pug
946,738166403467907072,12,9635,3828,Keeshond
947,738184450748633089,9,4727,1360,Bedlington Terrier
948,738402415918125056,10,3599,955,Cocker Spaniel
949,738537504001953792,11,5575,1759,Chow
950,738883359779196928,10,3661,917,Labrador Retriever
951,738885046782832640,11,4127,1283,American Staffordshire Terrier
952,739238157791694849,13,75163,52360,Eskimo Dog
953,739485634323156992,6,7887,3309,Walker Hound
954,739544079319588864,10,43694,24319,Labrador Retriever
955,739606147276148736,9,5897,1876,Blenheim Spaniel
956,739844404073074688,12,4138,966,Toy Poodle
957,739932936087216128,10,4443,1217,Redbone
958,739979191639244800,12,21898,6719,Irish Water Spaniel
959,740214038584557568,10,7335,2220,Chesapeake Bay Retriever
960,740359016048689152,9,3610,967,Golden Retriever
961,740676976021798912,11,19881,7724,Norwegian Elkhound
962,740711788199743490,9,3736,1062,Toy Poodle
963,740995100998766593,10,7018,3154,Malamute
964,741067306818797568,12,10342,3520,Golden Retriever
965,741303864243200000,12,9631,3650,Chihuahua
966,741438259667034112,9,4026,937,Chesapeake Bay Retriever
967,741743634094141440,11,8945,3144,Labrador Retriever
968,741793263812808706,10,4982,1698,Kuvasz
969,742150209887731712,8,5661,1783,French Bulldog
970,742385895052087300,11,7457,2266,Cardigan
971,742423170473463808,12,10812,4319,Pug
972,743210557239623680,10,4215,1560,Golden Retriever
973,743222593470234624,12,6792,2164,Kuvasz
974,743253157753532416,10,4624,1366,Malamute
975,743545585370791937,11,3863,1066,Standard Poodle
976,743609206067040256,10,4917,1560,Weimaraner
977,743895849529389061,10,3999,1087,Dalmatian
978,743980027717509120,11,4551,1231,Bull Mastiff
979,744234799360020481,13,131075,79515,Labrador Retriever
980,744334592493166593,11,7443,2412,Samoyed
981,744709971296780288,10,6150,1771,Shetland Sheepdog
982,744971049620602880,12,8652,3042,Toy Poodle
983,744995568523612160,9,3277,716,Old English Sheepdog
984,745057283344719872,12,7945,2585,Shetland Sheepdog
985,745422732645535745,9,9412,2768,Labrador Retriever
986,745433870967832576,10,7824,2894,Basset
987,745712589599014916,7,7652,2636,Chow
988,745789745784041472,10,4437,1207,Pekinese
989,746056683365994496,11,3904,931,Shetland Sheepdog
990,746131877086527488,10,7565,2511,Chow
991,746369468511756288,9,6637,1854,German Shepherd
992,746507379341139972,10,5094,1226,Toy Poodle
993,746726898085036033,12,6648,2037,Golden Retriever
994,746790600704425984,10,5345,1806,Boston Bull
995,746818907684614144,13,5807,1944,Ibizan Hound
996,746872823977771008,11,6593,2429,Pembroke
997,747103485104099331,11,10534,4548,Labrador Retriever
998,747219827526344708,11,5792,1791,Shetland Sheepdog
999,747512671126323200,10,6110,1803,Cardigan
1000,747594051852075008,11,4065,1205,Basenji
1001,747600769478692864,10,2545,619,Chesapeake Bay Retriever
1002,747816857231626240,4,5346,1316,Pembroke
1003,747844099428986880,11,3084,851,Pembroke
1004,747885874273214464,8,3243,1116,Kuvasz
1005,747933425676525569,11,7310,2894,Samoyed
1006,747963614829678593,10,6397,2444,Kelpie
1007,748324050481647620,11,4078,867,Shetland Sheepdog
1008,748346686624440324,10,5735,1413,Borzoi
1009,748568946752774144,12,2411,776,Tibetan Terrier
1010,748575535303884801,6,6696,2272,Soft-Coated Wheaten Terrier
1011,748699167502000129,11,5213,1814,Pembroke
1012,748932637671223296,13,6461,2564,Borzoi
1013,748977405889503236,10,11235,3759,German Short-Haired Pointer
1014,749036806121881602,8,3425,896,West Highland White Terrier
1015,749064354620928000,11,5277,1714,Pug
1016,749317047558017024,12,6076,2509,Wire-Haired Fox Terrier
1017,749395845976588288,10,9488,3951,Pomeranian
1018,749403093750648834,10,2892,622,Chesapeake Bay Retriever
1019,749417653287129088,11,6721,1904,Papillon
1020,749774190421639168,12,5114,1493,Pekinese
1021,749996283729883136,12,3331,919,Old English Sheepdog
1022,750011400160841729,11,3568,1035,Boston Bull
1023,750026558547456000,10,2986,888,Standard Poodle
1024,750041628174217216,13,3502,703,Labrador Retriever
1025,750056684286914561,11,3444,1011,Saluki
1026,750071704093859840,10,8653,3802,Redbone
1027,750086836815486976,12,2383,613,Pug
1028,750101899009982464,11,3344,959,Golden Retriever
1029,750117059602808832,10,4740,1466,Shih-Tzu
1030,750132105863102464,11,3990,1440,Toy Poodle
1031,750147208377409536,13,3409,1095,Pug
1032,750383411068534784,9,5005,1309,Border Collie
1033,750429297815552001,12,14569,4947,Golden Retriever
1034,750719632563142656,12,14621,5747,Pembroke
1035,750868782890057730,11,5306,1595,Toy Poodle
1036,751132876104687617,10,5610,1480,Labrador Retriever
1037,751205363882532864,12,6948,2086,Labrador Retriever
1038,751251247299190784,10,13791,6695,Walker Hound
1039,751456908746354688,12,3516,1127,Golden Retriever
1040,751538714308972544,10,5547,1445,Labrador Retriever
1041,751583847268179968,5,4849,1265,Dalmatian
1042,751598357617971201,13,8699,3440,Toy Poodle
1043,751830394383790080,12,6428,2227,Chow
1044,751937170840121344,11,5770,1530,Lakeland Terrier
1045,752173152931807232,12,6569,2106,Labrador Retriever
1046,752334515931054080,8,4238,1263,Bedlington Terrier
1047,752519690950500352,11,8157,3917,Labrador Retriever
1048,752660715232722944,10,4878,1794,English Setter
1049,752682090207055872,10,6642,1846,German Shepherd
1050,752917284578922496,11,7592,1790,German Shepherd
1051,753026973505581056,10,4283,1109,Pembroke
1052,753294487569522689,11,3758,1191,Chow
1053,753375668877008896,8,8411,2655,Bluetick
1054,753398408988139520,12,6384,2186,Whippet
1055,753655901052166144,10,6458,2492,Miniature Pinscher
1056,754011816964026368,12,9726,4079,French Bulldog
1057,754120377874386944,10,8655,2670,Chow
1058,754449512966619136,11,4147,846,Beagle
1059,754856583969079297,11,7616,2870,Golden Retriever
1060,755110668769038337,13,23446,12621,Labrador Retriever
1061,755955933503782912,12,8092,3285,Pekinese
1062,756275833623502848,10,7114,1738,Airedale
1063,756288534030475264,12,28519,15071,French Bulldog
1064,756303284449767430,11,4359,1231,Golden Retriever
1065,756651752796094464,11,5612,1511,Pembroke
1066,756939218950160384,12,7342,2295,Golden Retriever
1067,756998049151549440,11,6923,2271,Golden Retriever
1068,757354760399941633,8,4995,1637,Italian Greyhound
1069,757393109802180609,10,6462,2009,Labrador Retriever
1070,757400162377592832,13,16743,7759,Golden Retriever
1071,757611664640446465,12,5026,1272,Bluetick
1072,757725642876129280,11,5022,1391,Labrador Retriever
1073,757741869644341248,10,7613,3710,Old English Sheepdog
1074,758041019896193024,9,3001,433,Cardigan
1075,758355060040593408,11,3797,1245,Pembroke
1076,758405701903519748,10,5756,2204,Chesapeake Bay Retriever
1077,758474966123810816,11,4227,1132,Pembroke
1078,758740312047005698,12,6339,1824,Chesapeake Bay Retriever
1079,758828659922702336,13,12376,4376,Chesapeake Bay Retriever
1080,758854675097526272,11,3904,1027,Old English Sheepdog
1081,759047813560868866,11,7227,2302,Labrador Retriever
1082,759099523532779520,7,16101,4813,Shetland Sheepdog
1083,759197388317847553,12,6725,2221,Kuvasz
1084,759447681597108224,11,9418,2827,Kuvasz
1085,759557299618865152,10,5202,1341,Golden Retriever
1086,759793422261743616,12,6620,2173,Golden Retriever
1087,759846353224826880,11,7433,2265,Sussex Spaniel
1088,759923798737051648,10,16284,6521,Labrador Retriever
1089,760290219849637889,13,29618,13140,Old English Sheepdog
1090,760539183865880579,12,8399,4168,Samoyed
1091,760656994973933572,11,7343,2210,Golden Retriever
1092,760893934457552897,11,4228,1104,Blenheim Spaniel
1093,761004547850530816,11,12482,3952,Golden Retriever
1094,761227390836215808,10,5908,1775,French Bulldog
1095,761292947749015552,11,4957,1265,Standard Poodle
1096,761334018830917632,10,5792,1669,Norwegian Elkhound
1097,761599872357261312,11,4578,1336,Gordon Setter
1098,761976711479193600,12,5992,2310,Labrador Retriever
1099,762464539388485633,12,11503,4839,Chow
1100,762471784394268675,12,12571,7612,Samoyed
1101,762699858130116608,11,13518,4190,Kelpie
1102,763103485927849985,10,8163,2602,Chow
1103,763183847194451968,8,6004,1702,Miniature Poodle
1104,763837565564780549,11,14041,4858,Malamute
1105,764259802650378240,10,6718,1745,German Shepherd
1106,764857477905154048,12,7099,2029,Bernese Mountain Dog
1107,765222098633691136,10,12902,3914,Dalmatian
1108,765371061932261376,11,7842,2475,Golden Retriever
1109,765395769549590528,13,20539,3127,Pembroke
1110,765669560888528897,12,5760,1407,Beagle
1111,765719909049503744,12,8021,2475,Golden Retriever
1112,766008592277377025,11,4149,571,Welsh Springer Spaniel
1113,766069199026450432,12,4765,1003,Redbone
1114,766313316352462849,12,7493,2166,Toy Poodle
1115,766423258543644672,9,6671,1825,Keeshond
1116,766693177336135680,11,4484,918,Doberman
1117,766793450729734144,10,5650,1565,Beagle
1118,767122157629476866,13,11227,3261,Toy Poodle
1119,767500508068192258,12,8295,2688,Chow
1120,767754930266464257,11,17814,6221,Vizsla
1121,768473857036525572,11,15110,3958,Labrador Retriever
1122,768596291618299904,12,5592,1473,Great Pyrenees
1123,768609597686943744,10,4580,1382,Basenji
1124,768855141948723200,11,4660,1034,Chow
1125,768970937022709760,12,16017,7574,Pomeranian
1126,769212283578875904,12,5980,1969,Golden Retriever
1127,769695466921623552,13,7101,1926,Pug
1128,769940425801170949,12,34948,11131,Miniature Pinscher
1129,770069151037685760,10,8385,2651,Boston Bull
1130,770293558247038976,10,6923,1718,Italian Greyhound
1131,770414278348247044,11,6987,2390,Golden Retriever
1132,770772759874076672,11,5749,1626,Chow
1133,770787852854652928,10,5498,1415,Bernese Mountain Dog
1134,771102124360998913,12,6898,1663,Labrador Retriever
1135,771136648247640064,11,10223,3357,Golden Retriever
1136,771380798096281600,11,11746,5912,Collie
1137,771500966810099713,12,9167,3018,Labrador Retriever
1138,771770456517009408,11,13356,3924,Papillon
1139,772102971039580160,11,4448,1065,Pembroke
1140,772114945936949249,10,3005,546,Chihuahua
1141,772117678702071809,12,4165,848,Labrador Retriever
1142,772152991789019136,10,4181,1300,Golden Retriever
1143,772193107915964416,12,6665,1612,Pembroke
1144,772581559778025472,10,7192,1968,Newfoundland
1145,772826264096874500,11,8842,2669,Basset
1146,772877495989305348,11,9555,4501,Norwegian Elkhound
1147,773191612633579521,12,11117,4736,Blenheim Spaniel
1148,773247561583001600,10,10414,3699,Miniature Pinscher
1149,773308824254029826,12,25846,8640,Labrador Retriever
1150,773547596996571136,11,24553,7126,Norwegian Elkhound
1151,773670353721753600,10,5935,1501,Old English Sheepdog
1152,773704687002451968,12,7317,1891,Silky Terrier
1153,773922284943896577,12,7110,1999,Pomeranian
1154,773985732834758656,11,11925,4492,Pug
1155,774314403806253056,14,24167,6478,Eskimo Dog
1156,774639387460112384,10,7508,2013,Walker Hound
1157,774757898236878852,12,9462,2035,Toy Poodle
1158,775085132600442880,13,17281,5488,Chow
1159,775364825476165632,11,8295,3472,Beagle
1160,775842724423557120,12,13022,3116,Chow
1161,776088319444877312,10,2045,179,Pug
1162,776201521193218049,10,10681,2919,Rottweiler
1163,776218204058357768,13,33345,18497,Samoyed
1164,776477788987613185,11,9858,3249,Labrador Retriever
1165,776813020089548800,12,5444,1405,Toy Poodle
1166,777189768882946048,12,15921,4999,Chihuahua
1167,777621514455814149,12,9742,2910,Chow
1168,777684233540206592,12,12518,3403,Cocker Spaniel
1169,777885040357281792,3,7078,1893,Afghan Hound
1170,778039087836069888,12,9417,3065,German Shepherd
1171,778286810187399168,11,11576,3836,Boston Bull
1172,778383385161035776,13,6515,1271,Collie
1173,778408200802557953,14,15135,5023,Pembroke
1174,778624900596654080,11,5177,1176,Airedale
1175,778650543019483137,10,6430,1729,German Shepherd
1176,778748913645780993,11,7717,1562,Staffordshire Bullterrier
1177,778990705243029504,11,22342,8437,Cocker Spaniel
1178,779056095788752897,13,16500,5247,Chihuahua
1179,779123168116150273,12,13206,4207,Toy Poodle
1180,779834332596887552,11,21252,8237,Golden Retriever
1181,780192070812196864,11,9712,2589,Vizsla
1182,780459368902959104,11,5892,1224,Great Dane
1183,780543529827336192,12,7040,2032,Golden Retriever
1184,780601303617732608,12,13525,3839,Saint Bernard
1185,780800785462489090,11,6141,1505,Siberian Husky
1186,780858289093574656,10,8033,2328,Chesapeake Bay Retriever
1187,781163403222056960,10,10895,3168,Shetland Sheepdog
1188,781251288990355457,11,9428,2458,Mexican Hairless
1189,781524693396357120,12,23163,6426,Chesapeake Bay Retriever
1190,781661882474196992,5,11634,3129,Pembroke
1191,782305867769217024,12,18630,6470,Briard
1192,782598640137187329,11,8694,2184,Malamute
1193,782722598790725632,10,19250,6238,Irish Setter
1194,782747134529531904,11,8310,1604,Golden Retriever
1195,782969140009107456,12,26949,8521,Golden Retriever
1196,783085703974514689,11,9112,2565,Chesapeake Bay Retriever
1197,783334639985389568,12,32651,13616,Cardigan
1198,783391753726550016,13,18908,6441,Norwegian Elkhound
1199,783466772167098368,11,9468,2608,Chihuahua
1200,783695101801398276,12,11650,3737,Chow
1201,783821107061198850,12,8209,2269,Lakeland Terrier
1202,784431430411685888,12,6329,1491,Miniature Poodle
1203,784517518371221505,11,10039,2970,Malamute
1204,784826020293709826,13,11310,3712,Chow
1205,785170936622350336,11,13491,5639,Eskimo Dog
1206,785264754247995392,12,8128,1911,Chow
1207,785533386513321988,11,10183,2334,Miniature Pinscher
1208,785872687017132033,12,7489,2130,Great Pyrenees
1209,785927819176054784,12,12696,3652,Toy Poodle
1210,786233965241827333,11,17178,5571,Labrador Retriever
1211,786363235746385920,13,12189,4072,Golden Retriever
1212,786595970293370880,11,10497,3601,Pembroke
1213,786664955043049472,12,11957,2996,Leonberg
1214,786963064373534720,12,29725,9327,Golden Retriever
1215,787322443945877504,10,8726,2032,Golden Retriever
1216,787397959788929025,11,12120,3300,Chihuahua
1217,787717603741622272,13,11416,3240,German Shepherd
1218,787810552592695296,11,9717,3540,Pug
1219,788150585577050112,13,6865,1510,Chow
1220,788178268662984705,13,8100,2488,Samoyed
1221,788412144018661376,11,16060,5990,Golden Retriever
1222,788765914992902144,12,30658,12014,Cocker Spaniel
1223,788908386943430656,11,30653,14409,Golden Retriever
1224,789137962068021249,12,10875,3244,Chihuahua
1225,789268448748703744,10,10196,3014,Malamute
1226,789530877013393408,12,13188,3942,Schipperke
1227,789599242079838210,12,7620,2279,Chesapeake Bay Retriever
1228,789628658055020548,13,8448,2080,Chow
1229,789986466051088384,12,10369,2704,Golden Retriever
1230,790277117346975746,11,14081,3732,Labrador Retriever
1231,790337589677002753,12,8740,2167,Pembroke
1232,790581949425475584,11,22473,8183,Malinois
1233,790698755171364864,12,9158,2203,Bernese Mountain Dog
1234,790946055508652032,12,18601,5496,Golden Retriever
1235,790987426131050500,12,11089,2483,Cocker Spaniel
1236,791312159183634433,12,9841,2963,Miniature Pinscher
1237,791406955684368384,12,14670,4797,Pembroke
1238,791672322847637504,13,13129,3661,Golden Retriever
1239,792050063153438720,11,8029,2088,Komondor
1240,792394556390137856,12,15128,4998,Cocker Spaniel
1241,792773781206999040,12,8209,1963,Yorkshire Terrier
1242,792883833364439040,12,12666,4964,Standard Poodle
1243,793120401413079041,11,14202,4551,Labrador Retriever
1244,793150605191548928,11,6909,1984,Italian Greyhound
1245,793165685325201412,12,10478,3238,Golden Retriever
1246,793180763617361921,11,7740,2310,Lakeland Terrier
1247,793195938047070209,12,17063,6547,Labrador Retriever
1248,793210959003287553,10,9997,3301,French Bulldog
1249,793226087023144960,11,11001,3338,Wire-Haired Fox Terrier
1250,793241302385262592,13,11780,3812,Golden Retriever
1251,793256262322548741,12,22350,9714,Basset
1252,793271401113350145,12,9677,2763,Siberian Husky
1253,793286476301799424,13,27597,10723,Afghan Hound
1254,793500921481273345,12,11953,2786,Golden Retriever
1255,793601777308463104,12,8926,1908,Miniature Pinscher
1256,793845145112371200,13,10295,2187,Old English Sheepdog
1257,793962221541933056,12,18910,5711,Labrador Retriever
1258,794332329137291264,12,10686,3088,Samoyed
1259,794926597468000259,12,11492,2697,Toy Poodle
1260,795400264262053889,12,11270,3323,Golden Retriever
1261,795464331001561088,13,55683,27728,Golden Retriever
1262,796031486298386433,13,12071,4284,Golden Retriever
1263,796080075804475393,12,9469,2703,Chow
1264,796116448414461957,11,10139,2813,Cardigan
1265,796149749086875649,11,36177,16628,Golden Retriever
1266,796387464403357696,12,12334,4861,Pekinese
1267,796484825502875648,12,8472,2042,Cocker Spaniel
1268,796759840936919040,11,13256,3562,American Staffordshire Terrier
1269,796865951799083009,12,8564,2198,Cardigan
1270,797236660651966464,12,22328,7726,Collie
1271,797545162159308800,12,16198,5656,Pembroke
1272,797971864723324932,12,13018,3652,American Staffordshire Terrier
1273,798209839306514432,13,11548,2954,Pekinese
1274,798925684722855936,11,8246,1663,West Highland White Terrier
1275,798933969379225600,12,14712,5203,Siberian Husky
1276,799063482566066176,11,9058,2863,Norfolk Terrier
1277,799297110730567681,11,11065,3227,Malamute
1278,799422933579902976,12,8965,2213,Miniature Pinscher
1279,799757965289017345,13,9390,2506,Border Collie
1280,800141422401830912,13,17092,2980,Golden Retriever
1281,800388270626521089,12,12456,3265,Golden Retriever
1282,800513324630806528,11,14685,3495,Pembroke
1283,800751577355128832,12,11701,3214,Cocker Spaniel
1284,801115127852503040,12,8992,2429,Dalmatian
1285,801167903437357056,13,27386,6961,Cocker Spaniel
1286,801538201127157760,12,9141,2391,Pembroke
1287,801958328846974976,12,8608,1992,Staffordshire Bullterrier
1288,802239329049477120,12,10132,3040,Eskimo Dog
1289,802265048156610565,11,7039,1573,Labrador Retriever
1290,802572683846291456,12,9959,2926,Golden Retriever
1291,802952499103731712,12,10085,2336,Chow
1292,803276597545603072,11,11207,2887,Pembroke
1293,803638050916102144,13,12270,4828,Labrador Retriever
1294,803773340896923648,12,11203,3220,Miniature Pinscher
1295,804738756058218496,12,15326,4480,Tibetan Mastiff
1296,805207613751304193,12,8680,1972,Pembroke
1297,805520635690676224,13,6368,1905,Malinois
1298,805826884734976000,12,7335,2132,Siberian Husky
1299,805932879469572096,12,9178,2209,Norwegian Elkhound
1300,806219024703037440,11,7145,1388,Chow
1301,806542213899489280,11,11363,2752,Vizsla
1302,806629075125202948,13,75639,37911,Cocker Spaniel
1303,807010152071229440,12,14514,4418,Golden Retriever
1304,807106840509214720,13,107015,56625,Chihuahua
1305,807621403335917568,14,16236,4288,Golden Retriever
1306,808001312164028416,12,14015,4098,Labrador Retriever
1307,808106460588765185,12,9701,2525,Golden Retriever
1308,808501579447930884,12,12595,3007,Airedale
1309,808733504066486276,12,8784,2509,Toy Poodle
1310,808838249661788160,13,11271,3536,Rottweiler
1311,809084759137812480,11,14685,4046,Vizsla
1312,809220051211603969,12,22246,6554,Pomeranian
1313,809448704142938112,12,7727,1696,Greater Swiss Mountain Dog
1314,809920764300447744,10,17250,4521,Norwich Terrier
1315,810254108431155201,12,16380,3901,Staffordshire Bullterrier
1316,810284430598270976,13,39640,13369,Malamute
1317,810657578271330305,11,12192,3057,Malamute
1318,810896069567610880,11,10093,2090,Flat-Coated Retriever
1319,811386762094317568,11,23302,7444,Pembroke
1320,811627233043480576,10,14265,3650,Beagle
1321,811744202451197953,13,8429,1884,Pekinese
1322,811985624773361665,11,8102,1647,Staffordshire Bullterrier
1323,812372279581671427,13,15224,4252,Golden Retriever
1324,812466873996607488,12,8900,2231,Great Dane
1325,812709060537683968,12,7373,1665,Irish Setter
1326,812781120811126785,10,8380,2191,Bull Mastiff
1327,813051746834595840,13,23337,8503,Golden Retriever
1328,813066809284972545,12,8865,2276,Toy Terrier
1329,813081950185472002,11,10989,3220,Doberman
1330,813096984823349248,11,11694,4207,Great Dane
1331,813112105746448384,12,11515,3225,Pembroke
1332,813127251579564032,11,13242,3652,Norwegian Elkhound
1333,813142292504645637,13,9361,2728,Beagle
1334,813157409116065792,12,8588,2557,Pembroke
1335,813172488309972993,12,10384,2236,Golden Retriever
1336,813187593374461952,13,22085,5096,Golden Retriever
1337,813202720496779264,11,10192,2090,Cocker Spaniel
1338,813217897535406080,13,20783,8476,Samoyed
1339,813800681631023104,12,9300,2060,Malamute
1340,813812741911748608,14,40402,16267,French Bulldog
1341,813910438903693312,11,10342,2194,Siberian Husky
1342,814153002265309185,12,32000,10080,Golden Retriever
1343,814530161257443328,12,9629,2156,Miniature Poodle
1344,814638523311648768,12,12511,3130,Golden Retriever
1345,814986499976527872,11,8485,1505,Dalmatian
1346,815639385530101762,12,9161,1918,German Shepherd
1347,815736392542261248,11,10937,2625,Border Collie
1348,815966073409433600,13,25057,9907,Tibetan Mastiff
1349,815990720817401858,11,5545,1207,Chihuahua
1350,816091915477250048,12,9927,2500,Pomeranian
1351,816336735214911488,11,9564,2269,Labrador Retriever
1352,816697700272001025,12,10905,2545,Chihuahua
1353,816816676327063552,12,11071,2361,Malamute
1354,817056546584727552,11,9517,1927,Kelpie
1355,817120970343411712,13,13367,3011,Saluki
1356,817171292965273600,13,9690,2326,Golden Retriever
1357,817415592588222464,11,6267,1131,Doberman
1358,817423860136083457,13,38260,17504,Samoyed
1359,817536400337801217,12,13105,3505,Pug
1360,817777686764523521,13,11901,3084,Curly-Coated Retriever
1361,817827839487737858,13,57622,31314,Cocker Spaniel
1362,818145370475810820,11,13671,3014,Golden Retriever
1363,818259473185828864,12,12197,2621,Miniature Schnauzer
1364,818536468981415936,11,12127,2873,Welsh Springer Spaniel
1365,818614493328580609,12,10971,2982,Chihuahua
1366,818627210458333184,13,24597,8564,Labrador Retriever
1367,819004803107983360,14,95450,42228,Standard Poodle
1368,819227688460238848,12,25652,7733,Border Terrier
1369,819347104292290561,12,8008,1383,Rottweiler
1370,819588359383371776,13,10606,2271,Cardigan
1371,819711362133872643,11,14916,3604,Toy Poodle
1372,819952236453363712,13,5927,1369,American Staffordshire Terrier
1373,820314633777061888,14,3706,648,Gordon Setter
1374,820749716845686786,13,34984,11525,Golden Retriever
1375,821044531881721856,12,14021,2636,Old English Sheepdog
1376,821107785811234820,11,10645,2487,Pomeranian
1377,821149554670182400,12,9718,2320,German Shepherd
1378,821407182352777218,14,13075,5053,Irish Setter
1379,821522889702862852,13,8871,2030,Doberman
1380,821765923262631936,13,9317,1899,Golden Retriever
1381,821886076407029760,13,12582,2692,Golden Retriever
1382,822244816520155136,11,38832,11421,Samoyed
1383,822462944365645825,14,31800,17209,Pomeranian
1384,822489057087389700,13,20083,7390,Samoyed
1385,822610361945911296,12,16327,3423,Cocker Spaniel
1386,822859134160621569,12,14576,2622,Malinois
1387,822872901745569793,13,132810,48265,Lakeland Terrier
1388,822975315408461824,12,19139,3958,Pembroke
1389,823322678127919110,11,17437,4637,Chihuahua
1390,823581115634085888,11,14376,3031,German Shepherd
1391,823699002998870016,12,13826,2772,Cairn
1392,823939628516474880,12,11755,3123,Schipperke
1393,824325613288833024,13,12999,11848,Pembroke
1394,824663926340194305,13,11113,1993,English Setter
1395,824775126675836928,12,16508,4069,Border Terrier
1396,825026590719483904,12,7020,1483,Eskimo Dog
1397,825147591692263424,13,20181,5244,Pekinese
1398,825535076884762624,14,56413,19669,Rottweiler
1399,825829644528148480,12,14025,2848,Great Pyrenees
1400,826115272272650244,13,17299,3599,Golden Retriever
1401,826204788643753985,13,5361,1075,Labrador Retriever
1402,826240494070030336,11,14614,2965,French Bulldog
1403,826476773533745153,12,20275,4821,German Shepherd
1404,826598365270007810,13,11117,2709,French Bulldog
1405,826848821049180160,13,40325,11878,Great Pyrenees
1406,826958653328592898,12,23767,5757,Golden Retriever
1407,827199976799354881,13,11659,2579,Great Dane
1408,827324948884643840,12,17523,3510,Golden Retriever
1409,827600520311402496,13,8143,1082,Pembroke
1410,827653905312006145,12,16983,3433,Collie
1411,827933404142436356,12,22180,5987,German Shepherd
1412,828011680017821696,11,11411,2451,American Staffordshire Terrier
1413,828372645993398273,12,13756,3344,Malamute
1414,828376505180889089,13,8112,1216,American Staffordshire Terrier
1415,828381636999917570,14,13864,2554,Bedlington Terrier
1416,828408677031882754,12,8398,1477,Weimaraner
1417,828409743546925057,12,6898,1305,Toy Poodle
1418,828650029636317184,14,10467,1544,Golden Retriever
1419,828708714936930305,10,40241,12882,Mexican Hairless
1420,828770345708580865,13,28085,6746,Chesapeake Bay Retriever
1421,829011960981237760,13,58302,18627,Boxer
1422,829141528400556032,12,26952,8530,Golden Retriever
1423,829374341691346946,13,38074,10706,Staffordshire Bullterrier
1424,829449946868879360,11,11519,2329,Labrador Retriever
1425,829501995190984704,12,34913,12224,French Bulldog
1426,829861396166877184,12,13441,2243,Border Terrier
1427,830097400375152640,13,10804,3455,Toy Poodle
1428,830583320585068544,13,73397,19297,Labrador Retriever
1429,830956169170665475,12,8735,1735,Kuvasz
1430,831262627380748289,12,13066,2350,Cocker Spaniel
1431,831309418084069378,12,12819,2786,Doberman
1432,831315979191906304,13,7117,1264,Briard
1433,831322785565769729,12,10042,1744,Old English Sheepdog
1434,831552930092285952,13,9872,2632,Chihuahua
1435,831650051525054464,13,7908,2243,Eskimo Dog
1436,831670449226514432,13,11469,2059,Pembroke
1437,831911600680497154,14,30380,7458,Bloodhound
1438,831939777352105988,12,26404,7031,Pomeranian
1439,832032802820481025,12,13887,4746,Whippet
1440,832273440279240704,14,12385,2673,Pembroke
1441,832369877331693569,11,18792,3652,Kelpie
1442,832397543355072512,12,13126,2548,Pekinese
1443,832636094638288896,12,17379,3220,Eskimo Dog
1444,832757312314028032,13,18423,4127,Cardigan
1445,832998151111966721,13,14549,2522,Boxer
1446,833124694597443584,12,22133,5513,Cardigan
1447,833479644947025920,13,16258,2357,Golden Retriever
1448,833722901757046785,13,22585,3636,West Highland White Terrier
1449,833826103416520705,13,16728,3904,Chihuahua
1450,833863086058651648,12,14661,2729,Kuvasz
1451,834086379323871233,12,14296,2512,Labrador Retriever
1452,834209720923721728,12,22594,5476,Golden Retriever
1453,834458053273591808,12,10512,1899,Rhodesian Ridgeback
1454,834574053763584002,13,14993,2882,Golden Retriever
1455,834786237630337024,13,22943,6159,Border Terrier
1456,834931633769889797,12,11838,1878,Soft-Coated Wheaten Terrier
1457,835152434251116546,0,24574,3443,American Staffordshire Terrier
1458,835172783151792128,12,28552,6516,Border Collie
1459,835264098648616962,12,8503,1939,Chesapeake Bay Retriever
1460,835297930240217089,12,17847,3381,Rottweiler
1461,835574547218894849,11,19447,4121,Staffordshire Bullterrier
1462,836001077879255040,13,20924,4935,Samoyed
1463,836260088725786625,13,23177,4850,Borzoi
1464,836753516572119041,12,21029,5237,Schipperke
1465,836989968035819520,12,13879,2610,Toy Poodle
1466,837110210464448512,13,17480,2731,Siberian Husky
1467,837366284874571778,13,23074,6005,American Staffordshire Terrier
1468,837471256429613056,12,13967,2631,Norwegian Elkhound
1469,837820167694528512,12,37277,8952,Golden Retriever
1470,838083903487373313,13,19183,3582,Chow
1471,838476387338051585,13,24664,5484,Great Pyrenees
1472,838561493054533637,13,11892,1504,Kelpie
1473,838921590096166913,13,12183,2357,Border Terrier
1474,839239871831150596,13,29684,7422,Leonberg
1475,839549326359670784,12,29957,8805,Norwich Terrier
1476,839990271299457024,13,14640,2597,Staffordshire Bullterrier
1477,840268004936019968,12,20950,6497,Chesapeake Bay Retriever
1478,840632337062862849,12,9761,1972,Golden Retriever
1479,841077006473256960,12,24926,5991,Brittany Spaniel
1480,841314665196081154,13,17305,5312,Afghan Hound
1481,841439858740625411,14,13755,4168,Labrador Retriever
1482,841680585030541313,12,27854,8748,Chihuahua
1483,842115215311396866,12,15204,3386,Chow
1484,842163532590374912,12,26569,6568,French Bulldog
1485,842535590457499648,13,19637,3937,Pembroke
1486,842765311967449089,12,7321,1439,Labrador Retriever
1487,842846295480000512,13,16440,4023,Labrador Retriever
1488,843235543001513987,13,23315,6852,Pembroke
1489,843604394117681152,11,18310,3081,Labrador Retriever
1490,843856843873095681,12,23211,5220,Labrador Retriever
1491,844223788422217728,12,14753,2450,Labrador Retriever
1492,844704788403113984,13,42022,11633,Labrador Retriever
1493,844973813909606400,12,16361,3617,Labrador Retriever
1494,844979544864018432,13,14738,2909,Shetland Sheepdog
1495,845306882940190720,12,25225,6039,Irish Water Spaniel
1496,845397057150107648,13,8241,2072,Dandie Dinmont
1497,845677943972139009,12,27154,5365,Chow
1498,845812042753855489,13,31737,9894,Samoyed
1499,846042936437604353,12,17256,3224,Golden Retriever
1500,846153765933735936,13,34394,10226,Giant Schnauzer
1501,846514051647705089,13,48410,13076,Golden Retriever
1502,846874817362120707,13,21685,4404,Shetland Sheepdog
1503,847116187444137987,11,23108,3583,American Staffordshire Terrier
1504,847157206088847362,11,21588,6572,Staffordshire Bullterrier
1505,847251039262605312,12,22036,4800,Airedale
1506,847606175596138505,12,20208,3774,Cardigan
1507,847842811428974592,12,5935,1522,Bernese Mountain Dog
1508,848212111729840128,6,17618,3444,Bedlington Terrier
1509,848324959059550208,12,20229,4037,Malamute
1510,848690551926992896,12,27104,4826,Flat-Coated Retriever
1511,849412302885593088,12,17039,3487,Schipperke
1512,849776966551130114,12,32390,8404,Chihuahua
1513,850019790995546112,12,21944,5459,Shetland Sheepdog
1514,850145622816686080,11,17519,4244,Kelpie
1515,850380195714523136,13,13994,2915,Yorkshire Terrier
1516,850753642995093505,11,33348,10352,Pug
1517,851224888060895234,13,22090,6350,Standard Poodle
1518,851591660324737024,11,17300,3819,Cardigan
1519,852189679701164033,12,12217,1741,Bernese Mountain Dog
1520,852553447878664193,13,17492,3885,Bloodhound
1521,852672615818899456,12,15939,2388,Golden Retriever
1522,852912242202992640,12,9658,2037,Great Dane
1523,853639147608842240,13,37198,11265,German Shepherd
1524,853760880890318849,12,30414,6403,Miniature Pinscher
1525,854010172552949760,11,17169,3433,English Springer
1526,854120357044912130,14,33911,8285,Black-And-Tan Coonhound
1527,854365224396361728,13,20046,5159,Pembroke
1528,854482394044301312,13,31131,7608,Chihuahua
1529,854732716440526848,12,24188,6690,Pembroke
1530,855459453768019968,12,31657,8987,Blenheim Spaniel
1531,855851453814013952,13,47844,19196,Flat-Coated Retriever
1532,856282028240666624,14,29086,6841,Chihuahua
1533,856526610513747968,14,12446,2068,Old English Sheepdog
1534,856543823941562368,12,17135,3131,Boston Bull
1535,857029823797047296,12,19910,4364,Golden Retriever
1536,857263160327368704,13,21041,4934,Samoyed
1537,857393404942143489,13,6236,1785,Malamute
1538,857746408056729600,13,36021,11524,Labrador Retriever
1539,857989990357356544,12,16952,2812,French Bulldog
1540,858107933456039936,12,16524,3154,Golden Retriever
1541,858471635011153920,13,22640,5271,Pembroke
1542,858843525470990336,13,16304,3771,Golden Retriever
1543,859196978902773760,12,75193,25661,Malamute
1544,859607811541651456,13,19476,1704,Golden Retriever
1545,859851578198683649,13,16105,3780,Labrador Retriever
1546,859924526012018688,12,20021,4349,French Bulldog
1547,860524505164394496,13,24678,5698,Bedlington Terrier
1548,860563773140209665,13,7878,2334,Cardigan
1549,861005113778896900,12,17538,4119,German Shepherd
1550,861288531465048066,13,18032,4479,Bouvier Des Flandres
1551,861383897657036800,13,37744,11528,Cardigan
1552,862096992088072192,13,66437,21840,Chow
1553,862722525377298433,11,17779,3809,Basset
1554,862831371563274240,13,20011,5457,Australian Terrier
1555,863062471531167744,13,8945,2687,French Bulldog
1556,863079547188785154,14,9094,1195,Lakeland Terrier
1557,863432100342583297,12,24829,5664,Staffordshire Bullterrier
1558,863553081350529029,13,15935,4489,Eskimo Dog
1559,864197398364647424,13,31459,9616,Golden Retriever
1560,864279568663928832,12,15195,3266,Bull Mastiff
1561,865006731092295680,13,29063,8209,Pembroke
1562,865359393868664832,13,27530,5384,Chesapeake Bay Retriever
1563,865718153858494464,13,26640,6008,Golden Retriever
1564,866334964761202691,12,54720,15546,Samoyed
1565,866450705531457537,13,106827,32883,French Bulldog
1566,866686824827068416,12,20070,3727,Flat-Coated Retriever
1567,867051520902168576,13,33420,8425,Samoyed
1568,867421006826221569,12,16755,2697,Eskimo Dog
1569,867774946302451713,13,35179,7788,Border Collie
1570,867900495410671616,12,24964,4439,Labrador Retriever
1571,868552278524837888,12,10539,2240,Whippet
1572,868622495443632128,13,28295,6275,Labrador Retriever
1573,868880397819494401,14,55098,12518,French Bulldog
1574,869227993411051520,13,21112,4023,Pembroke
1575,869596645499047938,12,16476,3327,Chihuahua
1576,869702957897576449,13,29116,6728,Pembroke
1577,869772420881756160,13,43710,10663,Pembroke
1578,870308999962521604,13,22453,4384,Greater Swiss Mountain Dog
1579,870374049280663552,13,85011,27680,Golden Retriever
1580,870656317836468226,13,12819,2817,Pembroke
1581,871032628920680449,13,23255,3999,Kelpie
1582,871515927908634625,12,20730,3628,Komondor
1583,871762521631449091,12,20787,3678,Labrador Retriever
1584,871879754684805121,13,39090,11918,Shetland Sheepdog
1585,872122724285648897,12,35324,8549,Pug
1586,872261713294495745,13,35085,6649,Labrador Retriever
1587,872486979161796608,12,41606,9429,Pembroke
1588,872620804844003328,13,21309,3911,Cocker Spaniel
1589,872820683541237760,13,15029,3884,Pug
1590,872967104147763200,12,28031,5669,Labrador Retriever
1591,873213775632977920,12,7467,1667,Vizsla
1592,873580283840344065,13,24837,4143,Newfoundland
1593,874012996292530176,13,35501,11007,Cardigan
1594,874057562936811520,12,23134,4125,Flat-Coated Retriever
1595,874296783580663808,13,26651,4308,Cocker Spaniel
1596,874680097055178752,12,28439,4875,Labrador Retriever
1597,875021211251597312,12,26022,4922,West Highland White Terrier
1598,875144289856114688,13,22185,5081,Siberian Husky
1599,875747767867523072,13,25773,4497,Labrador Retriever
1600,876120275196170240,13,28490,4903,Bernese Mountain Dog
1601,876484053909872640,13,19163,2511,Golden Retriever
1602,876838120628539392,12,21125,3506,Bloodhound
1603,877201837425926144,12,27755,5880,Pembroke
1604,877316821321428993,13,27907,5414,Saluki
1605,877556246731214848,12,23258,3994,Basset
1606,877736472329191424,13,71144,17300,Chesapeake Bay Retriever
1607,878057613040115712,14,42876,7181,French Bulldog
1608,878281511006478336,13,7913,1349,Basset
1609,878776093423087618,13,19763,4319,Italian Greyhound
1610,879008229531029506,13,19317,2812,Vizsla
1611,879376492567855104,12,17099,3261,Labrador Retriever
1612,879415818425184262,13,107956,45849,English Springer
1613,879492040517615616,12,23822,3323,German Short-Haired Pointer
1614,879862464715927552,13,22667,3642,Basset
1615,880095782870896641,11,28150,4533,Miniature Pinscher
1616,880221127280381952,12,27640,4436,Chihuahua
1617,880465832366813184,12,29075,6546,Golden Retriever
1618,880872448815771648,12,21734,3989,Pembroke
1619,881536004380872706,14,50199,16570,Samoyed
1620,881666595344535552,13,51522,11099,Saluki
1621,881906580714921986,12,24773,3533,Weimaraner
1622,882045870035918850,13,29900,5203,Golden Retriever
1623,882268110199369728,13,45880,12118,Golden Retriever
1624,882627270321602560,13,28382,6342,Pembroke
1625,882762694511734784,12,28903,5134,Labrador Retriever
1626,882992080364220416,13,24445,4122,Eskimo Dog
1627,883117836046086144,13,37914,6949,Golden Retriever
1628,883360690899218434,13,22986,3825,Chow
1629,883482846933004288,5,46860,10407,Golden Retriever
1630,883838122936631299,12,22349,3586,Doberman
1631,884162670584377345,12,20771,3128,German Shepherd
1632,884441805382717440,14,27478,5856,Pembroke
1633,884562892145688576,13,24765,5100,Pug
1634,884876753390489601,13,28514,6096,Chow
1635,884925521741709313,12,68152,16439,Italian Greyhound
1636,885167619883638784,13,22367,4556,Malamute
1637,885528943205470208,13,36689,6683,Pug
1638,885984800019947520,12,33382,7097,Blenheim Spaniel
1639,886258384151887873,13,28469,6523,Pug
1640,886366144734445568,12,21524,3316,French Bulldog
1641,886736880519319552,13,12306,3443,Kuvasz
1642,886983233522544640,13,35859,8084,Chihuahua
1643,887101392804085760,12,31061,6167,Samoyed
1644,887343217045368832,13,34222,10737,Mexican Hairless
1645,887473957103951883,13,69871,18781,Pembroke
1646,887705289381826560,13,30779,5609,Basset
1647,888078434458587136,12,22201,3653,French Bulldog
1648,888554962724278272,13,20290,3732,Siberian Husky
1649,888804989199671297,13,26080,4559,Golden Retriever
1650,888917238123831296,12,29611,4709,Golden Retriever
1651,889278841981685760,13,25652,5637,Whippet
1652,889531135344209921,13,15359,2321,Golden Retriever
1653,889638837579907072,12,27672,4735,French Bulldog
1654,889665388333682689,13,38818,8538,Pembroke
1655,889880896479866881,13,28268,5156,French Bulldog
1656,890006608113172480,13,31166,7624,Samoyed
1657,890240255349198849,14,32467,7711,Pembroke
1658,890609185150312448,13,28226,4429,Irish Terrier
1659,890729181411237888,13,56848,16716,Pomeranian
1660,890971913173991426,13,12041,2158,Appenzeller
1661,891087950875897856,13,20562,3261,Chesapeake Bay Retriever
1662,891327558926688256,12,41048,9774,Basset
1663,891689557279858688,13,42908,8964,Labrador Retriever
1664,891815181378084864,12,25461,4328,Chihuahua
1665,892177421306343426,13,33819,6514,Chihuahua
